node,degree,betweenness,closeness,eigenvector,pagerank,degree_rank,betweenness_rank,closeness_rank,eigenvector_rank,pagerank_rank,composite_rank
BrighamYoung,12,209.26776269346655,0.42379182156133827,,0.00958862353217949,1.0,2.0,6.0,,4.0,3.25
KansasState,12,148.59450673694255,0.42066420664206644,,0.009618410794813641,1.0,8.0,14.0,,3.0,6.5
Wisconsin,12,134.58640732508132,0.42379182156133827,,0.009511820641802468,1.0,12.0,6.0,,7.0,6.5
PennState,12,126.76715262046375,0.4253731343283582,,0.009549184198728666,1.0,18.0,5.0,,5.0,7.25
Tulsa,12,129.33199130286175,0.43018867924528303,,0.00949870044944033,1.0,17.0,3.0,,9.0,7.5
