node,degree,betweenness,closeness,eigenvector,pagerank,degree_rank,betweenness_rank,closeness_rank,eigenvector_rank,pagerank_rank,composite_rank
282,47,23636.799999999977,0.1475742951485903,,0.0035438756165258756,1.0,21.0,11.0,,8.0,10.25
107,47,23636.799999999977,0.1475742951485903,,0.0035438756165232267,1.0,21.0,11.0,,9.0,10.5
142,31,74207.97062064408,0.16224518290980172,,0.0022611635132001543,3.0,1.0,1.0,,59.0,16.0
74,31,37162.23462191403,0.14219285364659814,,0.005197146432468758,3.0,9.0,51.0,,2.0,16.25
242,18,52091.795895369585,0.15844014180529042,,0.0046039633222944715,72.0,3.0,3.0,,3.0,20.25
