node,degree,betweenness,closeness,eigenvector,pagerank,degree_rank,betweenness_rank,closeness_rank,eigenvector_rank,pagerank_rank,composite_rank
0,16,231.0714285714286,0.5689655172413793,,0.09699728538829475,2.0,1.0,1.0,,2.0,1.5
33,17,160.5515873015873,0.55,,0.1009191823326258,1.0,2.0,3.0,,1.0,1.75
32,12,76.69047619047619,0.515625,,0.0716932260057545,3.0,3.0,5.0,,3.0,3.5
2,10,75.85079365079366,0.559322033898305,,0.057078509488462034,4.0,4.0,2.0,,4.0,3.5
31,6,73.00952380952378,0.5409836065573771,,0.0371580870691453,6.0,5.0,4.0,,6.0,5.25
