node,degree,betweenness,closeness,eigenvector,pagerank,degree_rank,betweenness_rank,closeness_rank,eigenvector_rank,pagerank_rank,composite_rank
SN4,11,253.58271324522764,0.39869281045751637,,0.029875338603275133,2.0,4.0,3.0,,5.0,3.5
Grin,12,113.40876887340302,0.3765432098765432,,0.03214449277924283,1.0,15.0,5.0,,1.0,5.5
Kringel,9,187.8417036892647,0.391025641025641,,0.024640918846873937,6.0,7.0,4.0,,11.0,7.0
Beescratch,8,390.38371702504406,0.3719512195121951,,0.024650716849295796,10.0,2.0,6.0,,10.0,7.0
SN9,8,261.96361856699,0.40397350993377484,,0.02196636599616012,10.0,3.0,2.0,,14.0,7.25
