node,degree,betweenness,closeness,eigenvector,pagerank,degree_rank,betweenness_rank,closeness_rank,eigenvector_rank,pagerank_rank,composite_rank
14,792,242268.75718797266,1.0,,0.03272702941249406,1.0,1.0,1.0,,1.0,1.0
457,122,564.3846362596489,0.5417236662106704,,0.0034503801838096674,4.0,8.0,4.0,,2.0,4.5
647,119,632.1121045584453,0.5406143344709897,,0.0034173835956239095,6.0,7.0,6.0,,4.0,5.75
753,115,644.4943747030188,0.539142273655548,,0.0033210329781376015,9.0,6.0,9.0,,5.0,7.25
195,137,469.3262440326623,0.5473393227366966,,0.0031857225367173158,2.0,15.0,2.0,,11.0,7.5
