node,degree,betweenness,closeness,eigenvector,pagerank,degree_rank,betweenness_rank,closeness_rank,eigenvector_rank,pagerank_rank,composite_rank
160,345,44013.84352888095,0.584916864608076,,0.009438082003213753,1.0,1.0,1.0,,1.0,1.0
82,231,14038.12044597682,0.5444997236042012,,0.006264136887382375,3.0,4.0,2.0,,3.0,3.0
121,232,14018.381848023599,0.5415063221550303,,0.006321690625723546,2.0,5.0,3.0,,2.0,3.0
107,219,12255.493225859509,0.5338753387533876,,0.00609859777724062,4.0,6.0,4.0,,4.0,4.5
86,216,19026.752941191164,0.5321447866018368,,0.005946362152878455,5.0,2.0,6.0,,5.0,4.5
